{"cameraMode":{"drawMode":0,"name":"Shaded","section":"Shading Mode"},"sceneLighting":false,"audioPlay":false,"sceneViewState":{"showFog":true,"showMaterialUpdate":false,"showSkybox":false,"showFlares":true,"showImageEffects":true,"showParticleSystems":true},"in2DMode":false,"pivot":{"x":0.4296436309814453,"y":1.2747163772583008,"z":15.5600004196167},"rotation":{"x":0.044786714017391208,"y":-0.09366518259048462,"z":0.004217804409563541,"w":0.9945876598358154},"size":6.521539688110352,"orthographic":false}