{"cameraMode":{"drawMode":0,"name":"Shaded","section":"Shading Mode"},"sceneLighting":true,"audioPlay":false,"sceneViewState":{"showFog":true,"showMaterialUpdate":false,"showSkybox":true,"showFlares":true,"showImageEffects":true,"showParticleSystems":true},"in2DMode":false,"pivot":{"x":0.23999999463558198,"y":0.0,"z":15.5600004196167},"rotation":{"x":0.3531044125556946,"y":0.007016785442829132,"z":-0.0026483305264264347,"w":0.9355538487434387},"size":18.45082664489746,"orthographic":false}